Recipe ID,Steps,Generated Steps,Choices,Evaluation
0,"Step 0: Heat the Coconut Oil in a wide pan over a medium flame, then add the Onion, Garlic, Scallion, and Ground Black Pepper. Reduce the heat to low for about 3-4 minutes.
Step 1: Add the Small Shrimp, stir well and cook for another 3 minutes.
Step 2: Turn the heat up to medium high and add the Jamaican Callaloo, Tomato, Scotch Bonnet Pepper, Fresh Thyme, and Sea Salt. After a couple minutes, add the Water and cook until tender.
Step 3: After about 10-12 minutes, taste for salt and adjust accordingly.","Step 0: a pan with coconut oil, onions, garlic, scallions, and ground black pepper in it
Step 1: the person is stirring the shrimp in a pan with a wooden spoon
Step 2: a person is adding ingredients to a pan on a stove top
Step 3: a person is stirring a pot of soup on a stove top","-1
-1
1
2",
2,"Step 0: To a medium bowl, add Pecans, Vegan Cream Cheese, Daiya® Mozzarella Cheese, Sun-Dried Tomatoes in Olive Oil, Garlic, Ground Black Pepper, and Vegan Basil Pesto. Stir until well combined.
Step 1: Add Fresh Spinach to the mixture and continue stirring until all ingredients are well mixed.
Step 2: Lay out Tortilla, divide cheese/pesto/tomato mixture evenly among the four tortillas, spreading in a thin layer until it coats the whole tortilla up to the outer edge. Tear and sprinkle approximately 5 Fresh Basil Leaf over each tortilla.
Step 3: Gently roll tortillas, keeping them fairly tight, then slice each into 8 pieces. Serve immediately or store in the refrigerator for up to 3 days.","Step 0: a bowl of ingredients including pecans, vegan cream cheese, dairy mozzarella cheese, sun-dried tomatoes in olive oil, garlic, ground black pepper, and vegan basil pesto
Step 1: a bowl of spinach and cheese mixture sits on a wooden table
Step 2: A person is spreading cheese and pesto on a tortilla with a knife
Step 3: A person is rolling a tortilla on a cutting board with a rolling pin. They are then slicing the tortilla into 8 pieces and serving them on a plate","-1
-1
1
2",
3,"Step 0: Melt butter in a small pot over medium heat.
Step 1: Add egg and sugar to a bowl and whisk until combined. Stir in honey and add lemon zest. Stir to combine until a smooth batter forms.
Step 2: Sieve flour and baking powder into the batter, then add melted butter and stir to combine. Cover bowl with plastic wrap and let rest in the fridge for at least 3 hrs.
Step 3: Pre-heat oven to 210°C/410°F. Grease baking pan with butter. Remove batter from the fridge and transfer into a piping bag. Cut off the tip and pipe batter into baking pan up to three quarters, so the madeleines have enough space to rise.
Step 4: Reduce baking temperature to 170°C/350°F and bake madeleines for approx. 12 – 15 min. until golden brown. Dust with confectioner’s sugar and","Step 0: a small pot with butter in it on the stove
Step 1: a person is stirring a bowl of ingredients with a spoon
Step 2: A person is stirring a bowl of ingredients with a spoon
Step 3: A person is piping batter into a baking pan with a piping bag
Step 4: A person is baking madeleines in an oven at 170°C/350°F","-1
0
1
-1
-1",
4,"Step 0: Preheat oven to 180°C/350°F and grease springform pan with coconut oil. For the crust, pulse oats in a food processor to a fine flour. Add buckwheat flour, coconut oil, maple syrup, some cinnamon, baking powder, and a pinch of salt, and pulse to form a crust. If the mixture is too dry, carefully add water a tbsp. at a time to make the crust moldable.
Step 1: Use hands to press two-thirds of the dough evenly into springform pan along the base and border. Lightly flour work surface and remaining dough. Roll out, using a rolling pin. Use a cookie cutter to cut out decorative shapes, or roll out dough into a round the size of the pan, if you prefer.
Step 2: For the filling, peel and quarter apples. Remove core and slice.
Step 3: In a large bowl, thoroughly mix apple slices, some cinnamon, nutmeg, lemon juice, agave syrup, arrowroot flour, coconut sugar, speculaas spice, and salt.
Step 4: Transfer filling to prepared springform pan and spread evenly.
Step 5: Cover filling with either with cookie cut-outs or a round of dough. For the latter, pierce top with a fork to allow steam to escape while baking. Place in preheated oven and bake at 180°C/350°F for approx. 30 min. Cover with aluminum foil and press down lightly so that the apple juice rises to the top and soaks the entire cake. Bake for approx. 45 – 60 min. more, until golden brown. Allow to cool completely on a cooling rack before cutting.","Step 0: A person is using a food processor to make a crust for a cake in a springform pan
Step 1: A person is using a rolling pin to roll out dough on a wooden table
Step 2: the person is slicing apples on a cutting board with a knife
Step 3: a person is stirring a large bowl of apple slices, cinnamon, nutmeg, lemon juice, agave syrup, arrowroot flour, coconut sugar, speculaas spice, and salt
Step 4: the person is spreading a layer of filling on a springform pan
Step 5: A person is using a fork to pierce the top of a cake before baking it in an oven at 180°C/350°F for about 30 minutes. They then cover the cake with aluminum foil and press down lightly so that the apple juice rises to the top and soaks the entire","-1
0
1
-1
0
0",
7,"Step 0: Preheat oven to 200°C/400°F. Pierce skin of sweet potatoes approx. 5 to 7 times with a fork. Then, place on a parchment-lined baking sheet, transfer to oven, and bake at 200°C/400°F for approx. 45 – 60 min. Once baking time is finished, turn off oven and leave potatoes in oven until the other steps are complete.
Step 1: Mince garlic. Cut lemon into wedges and halve pomegranate. Remove seeds from pomegranate.
Step 2: In a large, grease-free frying pan, toast pine nuts over medium heat for approx. 1 –2 min. until fragrant and golden brown. Remove from pan and set aside.
Step 3: Add some of the coconut oil to pan, sauté garlic, and wilt spinach over medium heat for approx. 1 – 2 min. Drizzle with part of the lemon juice. Add toasted pine nuts to spinach and set aside.
Step 4: Remove potatoes from oven and cut in half. Add rest of coconut oil to potato halves and mash with fork.
Step 5: Spoon spinach and pine nut mixture on top of potatoes. Add some more lemon juice. Drizzle with yogurt on top and garnish with pomegranate seeds. Season with salt and pepper to taste.","Step 0: A woman is cooking sweet potatoes in an oven at 200°C/400°F
Step 1: a person is mincing garlic on a cutting board with a knife
Step 2: In a large, grease-free frying pan, toast pine nuts over medium heat for approx. 1 –2 min. until fragrant and golden brown. Remove from pan and set aside
Step 3: A person is cooking spinach in a pan with garlic and pine nuts
Step 4: a person is cutting potatoes in half and adding coconut oil to them before mashing them with a fork
Step 5: a person is putting spinach and pine nut mixture on top of potatoes","-1
-1
-1
-1
1
4",
8,"Step 0: Place eggs and egg white, flour, evaporated milk, sugar, lemon peel, vanilla extract and salt in blender; cover. Blend until smooth. Scrape down sides and blend again if needed. Let mixture sit for approx. 10 min.
Step 1: Meanwhile, place an ovenproof frying pan in oven and preheat to 220°C/425°F. Remove frying pan from oven.
Step 2: Add butter to frying pan and swirl to coat all sides. Add batter to pan.
Step 3: Bake for 15 – 20 min. at 220°C/425°F, or until puffed and golden. Edges should be deep golden brown and crisp.
Step 4: Slide Dutch baby onto serving platter or cutting board, or serve straight from pan, if desired. Top with fresh berries and sprinkle with lemon juice. Dust with confectioner's sugar and cut into wedges for serving. Serve warm with maple syrup.","Step 0: A blender is filled with a mixture of eggs, flour, evaporated milk, sugar, lemon peel, vanilla extract, and salt
Step 1: A person is putting an ovenproof frying pan in an oven and preheating it to 220°C/425°F
Step 2: a person is adding batter to a frying pan that has butter in it
Step 3: a person is cooking a cake in an oven at 220°C/425°F
Step 4: A woman is cutting a Dutch baby into wedges on a cutting board with a knife","-1
-1
1
1
-1",
9,"Step 0: Preheat the oven to 120°C/250°F. Heat (don't boil!) heavy cream with some of the sugar and vanilla seeds until the sugar has dissolved.
Step 1: Next, whisk the warm mixture into the egg yolks in a large bowl.
Step 2: Pour the mixture into brûlée tins and place these into a tall baking dish. Pour hot water into the baking dish, creating a water bath in which to cook the crème brûlée.
Step 3: Bake in a preheated oven at 120°C/250°F for approx. 60 min. Next, remove the tins from the water bath and leave to cool for 30 min. Chill for at least four hours or overnight before serving.
Step 4: Caramelize rest of the sugar in a small frying pan. Add a pinch of salt, pour in water and reduce into a sauce. Pour over the Crema Catalana to serve.","Step 0: a pot of heavy cream is being heated on a stove top
Step 1: the woman is whisking the mixture into the egg yolks in a large bowl
Step 2: A woman is pouring a mixture into brûlée tins and placing them into a tall baking dish. She then pours hot water into the baking dish, creating a water bath in which to cook the crème brûlée.
Step 3: A woman is baking a cake in a preheated oven at 120°C/250°F for about 60 minutes. After baking, she removes the tins from the water bath and leaves them to cool for 30 minutes before chilling for at least four hours or overnight before serving.
Step 4: A woman is pouring caramelized sugar into a small frying pan","-1
-1
-1
0
1",
10,"Step 0: Preheat oven to 180°C/350°F. Grease and flour the cake pan. Line the bottom with parchment paper if it does not have a removable bottom. Zest all lemons and juice half of them. Set zest aside. In a medium bowl, combine flour, baking powder, and salt. In a measuring cup, mix together milk and lemon juice.
Step 1: Beat together butter, sugar, lemon zest, and some of the vanilla sugar until smooth. Add eggs one at a time, beating after each incorporation. Add half of the flour, mix to incorporate, then add the milk mixture and remaining flour. Stir until fully combined.
Step 2: Transfer batter to cake pan, smooth evenly, then bake at 180°C/350°F for approx. 20 – 30 min. Cool for approx. 10 min., then transfer to a wire rack to cool completely.
Step 3: Meanwhile, make frosting: Add crème fraîche, powdered sugar, and remaining vanilla sugar to a medium mixing bowl. Beat until combined and thickened slightly. Add a drop or two of food coloring until the desired shade of pink is reached. Stir until evenly incorporated.
Step 4: Smooth frosting over cake, decorate with sprinkles if desired, and","Step 0: A woman is pouring milk into a measuring cup to mix with lemon juice
Step 1: A woman is beating together butter, sugar, lemon zest, and some of the vanilla sugar until smooth. She then adds eggs one at a time, beating after each incorporation. She adds half of the flour, mixes to incorporate, then adds the milk mixture and remaining flour. Finally, she stirs until
Step 2: A woman is pouring batter into a cake pan and smoothing it evenly with a spatula
Step 3: A woman is adding crème fraîche, powdered sugar, and remaining vanilla sugar to a mixing bowl
Step 4: a woman is decorating a cake with sprinkles and frosting","-1
-1
0
2
2",
13,"Step 0: Finely chop rosemary. Combine buttermilk, lime zest, chopped rosemary, paprika, salt, and pepper. Add pressed garlic and stir to combine.
Step 1: Pour buttermilk mixture into a freezer bag. Add chicken wings and mix well. Transfer to refrigerator and let marinate for approx. 2 hours.
Step 2: Add bread crumbs to a large bowl. Coat chicken wings with bread crumbs, using tongs to make sure they are coated on all sides.
Step 3: Heat a generous amount of vegetable oil in a frying pan. Once oil is hot, add chicken wings and cook until browned and cooked through, approx. 8 – 10 min. Rotate to cook on all sides. Enjoy with your favorite dipping sauce.","Step 0: a person is chopping rosemary on a cutting board with a knife
Step 1: a person is pouring a liquid into a freezer bag that has chicken wings in it
Step 2: a person is adding bread crumbs to a large bowl with chicken wings in it
Step 3: A person is cooking chicken wings in a frying pan with vegetable oil","-1
-1
1
1",
14,"Step 0: Cut the Vanilla Bean Pod in half, then halve them lengthwise as well.
Step 1: Prepare a 100-milliliter jar that has a sealable lid, and put the vanilla in it. Fill up the jar to the brim with Vodka.
Step 2: Seal the jar, and store the mix in a cool, dark place for about three months. This will give time to the vanilla to infuse the vodka with its taste. The longer you leave it, the more infused the flavors will be.","Step 0: a vanilla bean pod being cut in half with a knife
Step 1: a jar with a sealable lid and a wooden spoon in it
Step 2: A jar with a lid on it sits on a wooden table next to a bottle of vodka","-1
-1
1",
15,"Step 0: In a bowl, add Milk, Granulated Sugar, Cream, and Vanilla Extract. Whisk until combined.
Step 1: Pour into ice cream churner. Churn for 12-15 minutes.
Step 2: Refrigerate for 30 minutes.
Step 3: Add M&M's® Milk Chocolate Minis. Mix through.","Step 0: a bowl of milk, granulated sugar, cream, and vanilla extract
Step 1: a person is pouring milk into a machine that looks like a blender
Step 2: the food is being put into a refrigerator for 30 minutes
Step 3: a bowl of chocolate m&m's on a white table","-1
-1
1
-1",
18,"Step 0: Using a mandolin with the julienne attachment, slice the Zucchini on all four sides into spaghetti-like strands. Stop before you reach the seeds.
Step 1: Tear the Fresh Mint Leaves or thinly slice with a knife by dragging it across to prevent bruising.
Step 2: Toss the zucchini in a bowl with the Extra-Virgin Olive Oil, Lemon, and torn mint leaves. Season with Kosher Salt and freshly ground Ground Black Pepper.
Step 3: Using a vegetable peeler, make shavings of the Pecorino Romano Cheese. You can also finely grate the cheese with a microplane.","Step 0: a woman is using a mandolin with the julienne attachment to slice zucchini into spaghetti-like strands
Step 1: a person is slicing fresh mint leaves on a cutting board with a knife
Step 2: a person is tossing zucchini in a bowl with extra-virgin olive oil, lemon, torn mint leaves, kosher salt, and freshly ground black pepper
Step 3: a person is using a vegetable peeler to make shavings of the Pecorino Romano Cheese","-1
-1
-1
0",
22,"Step 0: Chop pistachios. Peel and fillet oranges, mandarins, and grapefruit, reserving the juice. Set aside in a bowl
Step 1: Mix yogurt, cinnamon, and vanilla sugar in a bowl and set aside. In another mixing bowl, whisk together eggs and milk. Cut panettone into 2-cm/0.66-in. thick slices and soak each side in egg mixture.
Step 2: In a frying pan, melt butter over medium heat, and fry panettone for approx. 3 min. on each side, or until golden brown.
Step 3: Serve French toast warm with yogurt and citrus fruits. Sprinkle with pistachios.","Step 0: a woman is chopping pistachios on a cutting board with a knife
Step 1: A woman is cutting a piece of panettone into 2-cm/0.66-in. thick slices and soaking each side in an egg mixture
Step 2: a woman is frying panettone in a frying pan on a stove
Step 3: a woman is serving french toast on a plate with yogurt and citrus fruits sprinkled on top","-1
-1
1
-1",
24,"Step 0: Halve pomegranate, deseed, and set aside. Finely chop garlic and set aside. Finely chop mint. Add yogurt to a bowl and mix with chopped mint and cumin. Add salt and sugar to taste.
Step 1: Preheat oven to 180°C/350°F. Heat olive oil in a pan over medium-high heat. Season lamb with salt and pepper and sear for approx. 2 min. on both sides along with chopped garlic. Remove from pan and set aside. In another pan, toast pistachios over medium-high heat for approx. 2 min. Set aside.
Step 2: Transfer pita bread to oven and toast for approx. 2 min. on 180°C/350°F. Thinly slice lamb fillet.
Step 3: Remove pita bread from oven and fill with yogurt sauce, pomegranate seeds, toasted pistachios, and thinly sliced lamb. Serve immediately.","Step 0: A person is chopping a pomegranate on a cutting board with a knife
Step 1: A person is cooking lamb in a pan on a stove top
Step 2: a person is slicing a lamb fillet on a cutting board
Step 3: a person is putting yogurt sauce, pomegranate seeds, toasted pistachios, and thinly sliced lamb into a pita bread","-1
-1
1
-1",
26,"Step 0: Cut the upper half off the Bread Boule. Carve out the bread from the bottom half to form a bowl.
Step 1: Add the Campbell's New England Clam Chowder, Milk and Cream into a pan. Season with Ground Black Pepper.
Step 2: Heat over medium high heat and stir everything together. Heat to a boil, and it is ready to serve.
Step 3: Ladle soup into the bread bowl. Finely chop some Fresh Parsley and/or Fresh Chives for garnish.","Step 0: a person is carving out the bread from the bottom half of a bread boule to form a bowl
Step 1: a pan with a bowl of soup in it that has been seasoned with ground black pepper
Step 2: a pan with a bowl of soup in it that has been seasoned with ground black pepper
Step 3: a bowl of soup with a spoon in it and a piece of bread on the side","-1
0
1
-1",
27,"Step 0: Cook pasta in plenty of salted boiling water, according to package instructions, for approx. 10 – 12 min. until al dente. Drain, save some pasta water, and set aside.
Step 1: Peel onion and garlic cloves and chop finely. Dice eggplant into cubes.
Step 2: Heat up some olive oil in a large frying pan and sauté onion and garlic for about 2 – 4 min. until translucent. Add eggplant to pan and fry for approx. 6 – 8 min. until browned on all sides and somewhat soft.
Step 3: Add whole peeled tomatoes and thyme leaves. Boil everything over medium heat for about 5 – 8 min. Season generously with salt and pepper. Toss cooked pasta in the sauce and serve in deep plates with a dollop of ricotta and fresh basil.","Step 0: A person is cooking pasta in a pot on a stove top
Step 1: a person is chopping an onion and an eggplant on a cutting board
Step 2: A person is cooking an eggplant in a frying pan on a stove
Step 3: A person is cooking pasta in a frying pan on a stove","-1
-1
1
0",
28,"Step 0: Bring a pot of water to a boil on the stove top. Add Elbow Macaroni, and cook until al dente, about 8-10 minutes.
Step 1: In a separate pan, over medium heat, melt the Butter. Once melted, pour in Milk and plain All-Purpose Flour. Whisk until flour is completely dissolved. Continue stirring until mixture comes to a boil.
Step 2: Turn heat down to a simmer, stirring constantly, and cook for 2 minutes. Add Cheddar Cheese, and mix until cheese is fully melted.
Step 3: Add drained macaroni, and mix until thoroughly combined.","Step 0: a pot of water is boiling on the stove top with elbow macaroni in it
Step 1: a pan with milk and flour in it on a stove top
Step 2: a pan with cheese and flour in it on a stove top
Step 3: a pan with macaroni and cheese in it on a stove top","-1
0
1
-1",
31,"Step 0: Add rolled oats, coconut milk, almond milk, vanilla extract, ground cinnamon, and ground cardamom to a pot over medium-high heat and bring to a simmer. Reduce heat to medium-low, cover, and let cook for approx. 10 min., or until the oats are soft and almost all liquid is absorbed.
Step 1: In the meantime, toast cashews in a frying pan until fragrant. Remove from heat and set aside.
Step 2: As soon as the porridge is done, remove from heat, add toasted cashews and honey, and stir to combine.
Step 3: Peel and slice mango. Serve warm porridge in bowls and top with sliced mango. Sprinkle with coconut flakes, cocoa nibs, and black sesame seeds. Drizzle with some more honey, if desired, and","Step 0: A pot of oatmeal is being cooked on a stove top with coconut milk, almond milk, vanilla extract, ground cinnamon, and ground cardamom
Step 1: In the meantime, toast cashews in a frying pan until fragrant. Remove from heat and set aside
Step 2: the porridge is being stirred with a spoon and a wooden spoon
Step 3: A bowl of porridge is being topped with sliced mango, coconut flakes, cocoa nibs, and black sesame seeds","-1
-1
0
-1",
32,"Step 0: Add Beef Rump Roast, Pepperoncini Pepper, Dry Italian Salad Dressing Mix, Brown Gravy Mix, and Water to the Instant Pot.
Step 1: Close and lock lid. Cook on Manual High Pressure for 60 minutes, then natural release pressure.
Step 2: Rest for 5 minutes. Shred big chunks of beef to allow juice and peppers to mix in with the meat.
Step 3: Serve alone, with side dishes, on a sandwich or any way you want!","Step 0: a woman is adding beef rump roast, pepperoncini pepper, dry italian salad dressing mix, brown gravy mix, and water to an instant pot
Step 1: the instant pot is being used to cook a beef roast in a pot of water
Step 2: a woman is shredding big chunks of beef to allow juice and peppers to mix in with the meat
Step 3: the woman is serving a bowl of soup on a wooden table","-1
0
0
2",
35,"Step 0: Add Chicken Backbones, Fennel Bulb, Onion, Bay Leaf, Black Peppercorns, Fresh Ginger, Garlic, and Jalapeño Pepper to a stock pot. Cover with Water.
Step 1: Bring to boil. Reduce to a light simmer. Cover. Cook 24-48 hours on lowest setting.
Step 2: Season withSoy Sauce to taste before serving!","Step 0: a stock pot with chicken backbones, fennel bulb, onion, bay leaf, black peppercorns, fresh ginger, garlic, and jalapeño pepper in it
Step 1: a pot of soup is being cooked on a stove top
Step 2: a bowl of soup with a spoon in it","-1
-1
1",
39,"Step 0: Slice off both ends of the oranges. Then, cut off the remaining peel and remaining pith, if necessary. Fillet them over a small bowl by cutting down along the sides of the inner membrane to get segments. Add juice from the segmented oranges to the bowl.
Step 1: Caramelize sugar in a frying pan over medium heat and deglaze with orange segments and juice. Let simmer for approx. 2 min.
Step 2: In a heatproof bowl over a pot of simmering water, melt white chocolate. Add heavy cream to a bowl and whip with a hand mixer with beaters until soft peaks form. In another bowl, mix Greek yogurt with melted white chocolate. Carefully fold the whipped cream into the yogurt- mixture, one half at a time. Transfer to a piping bag and chill for approx. 1 hr.
Step 3: Layer yogurt-white chocolate cream, oranges, and chopped pistachios in serving glasses. Garnish with white chocolate shavings and","Step 0: A woman is slicing off both ends of an orange and then cutting off the remaining peel and remaining pith, if necessary
Step 1: a frying pan with caramelized sugar in it
Step 2: In a heatproof bowl over a pot of simmering water, melt white chocolate. Add heavy cream to a bowl and whip with a hand mixer with beaters until soft peaks form. In another bowl, mix Greek yogurt with melted white chocolate. Carefully fold the whipped cream into th
Step 3: a bowl of yogurt-white chocolate cream, oranges, and chopped pistachios in serving glasses garnished with white chocolate shavings","-1
-1
-1
-1",
41,"Step 0: Measure out semolina and flour onto a clean working surface. Form a hollow in the middle and add eggs. Whisk eggs with a fork and incorporate flour little by little, then knead to combine. If needed, add some water. Knead dough for approx. 10 min., wrap in plastic wrap, and let rest for approx. 30 min.
Step 1: In the meantime, add potatoes to a large pot and cover with water, then season with salt. Cook for approx. 20 min., or until fork-tender. In the meantime, brown butter in a small pot and let cool down. Slice mint into thin ribbons.
Step 2: Drain potatoes, add to a bowl, and mash with a fork. Add grated Parmesan cheese, browned butter, salt, pepper, mint, and stir to combine.
Step 3: Quarter pasta dough and use a pasta machine to roll out the dough. Stamp out discs of dough for the ravioli with a round cookie cutter. Add a spoonful of potato and mint filling to one disc and brush the dough with some water. Place a second disc of dough on top and press around the edges to seal. Repeat the process with remaining dough and filling.
Step 4: Bring a large pot water to a boil, salt well, and cook ravioli for approx. 5 min. In the meantime, melt butter in a large frying pan and add sage leaves and a ladle of cooking water from the ravioli. Add ravioli to the frying pan and toss to coat. Serve ravioli with fresh mint and black pepper.","Step 0: A person is measuring out semolina and flour onto a clean working surface. They are then forming a hollow in the middle and adding eggs to it. They are whisking the eggs with a fork and incorporating flour little by little. If needed, they can add some water to the mixture. Finally, they knead the dough for
Step 1: A person is cooking potatoes in a large pot of water and seasoning them with salt
Step 2: a person is stirring a bowl of mashed potatoes with a fork
Step 3: A person is using a pasta machine to roll out dough for ravioli. They are using a round cookie cutter to stamp out discs of dough for the ravioli and brush them with some water before adding a spoonful of potato and mint filling to one disc and pressing around the edges to seal.
Step 4: A person is cooking ravioli in a large pot of water on a stove top. They are also melting butter in a large frying pan and adding sage leaves and a ladle of cooking water from the ravioli. They then add the ravioli to the frying pan and toss to coat. Finally, they serve the r","-1
-1
1
-1
3",
42,"Step 0: Pre-heat oven to 210°C/410°F. Slice sweet potato approx. 1-in. thick. Peel and cut onion into wedges. Peel and finely dice garlic. Melt coconut oil in a small pot over low heat.
Step 1: Add sliced sweet potato, onion, shredded coconut, melted coconut oil, garlic, sea salt, and pepper to a baking sheet and toss to coat. Bake at 210°C/410°F for approx. 20 min. Then remove from the oven and let cool down a bit.
Step 2: Peel and chop ginger. Transfer sweet potato mixture to a blender. Add ginger, lemon zest, hot vegetable stock, and orange juice. Blend for approx. 40 sec. on high, or until the mixture is smooth. Season with salt and pepper to taste.
Step 3: Add coconut flakes to a pan set over medium heat and toast until they are slightly browned. Transfer soup to serving bowls. Serve with diced mango, toasted coconut flakes, sliced green onion, chopped cilantro, and lime zest on top.
Step 4: This and many more quick recipes can be found in Sebastian Copien´s cookbook “Fit-Mix” (ZS Verlag).","Step 0: A person is cutting a sweet potato into slices on a cutting board
Step 1: A person is using a spatula to add sliced sweet potato, onion, shredded coconut, melted coconut oil, garlic, sea salt, and pepper to a baking sheet and then bake it at 210°C/410°F for about 20 minutes
Step 2: A person is using a blender to make a sweet potato soup
Step 3: A person is adding coconut flakes to a pan set over medium heat and toast until they are slightly browned
Step 4: Yes, this and many more quick recipes can be found in Sebastian Copien's cookbook ""Fit-Mix"" (ZS Verlag).","-1
0
0
1
-1",
43,"Step 0: In a large bowl, mix together flour, water, oil, and salt and knead until a smooth dough forms. Cover with kitchen towel and let rest for approx. 15 min.
Step 1: In a small bowl, season crème fraîche with nutmeg and pepper. Dice bacon and thinly slice onions. Finely chop chives and set aside.
Step 2: Preheat oven to 220°C/425°F. Roll out dough onto a sheet of parchment paper. Transfer to a baking sheet covered with parchment paper. Spread crème fraîche over dough and top with onion rings and diced bacon.
Step 3: Bake at 220°C/425°F for approx. 15 – 20 min. Garnish with chopped chives and season with more pepper to taste.","Step 0: a person is kneading dough in a large bowl with a wooden spoon
Step 1: In a small bowl, season crème fraîche with nutmeg and pepper. Dice bacon and thinly slice onions. Finely chop chives and set aside
Step 2: A person is rolling out dough onto a sheet of parchment paper and then transferring it to a baking sheet covered with parchment paper
Step 3: a person is putting a cake on a baking sheet with parchment paper","-1
-1
0
2",
44,"Step 0: Preheat oven to 180°C/350°F. Add flour, gingerbread spice, cinnamon, salt, and baking powder to a bowl and combine.
Step 1: In another bowl, beat soft butter, cane sugar and egg for approx. 5 min. until smooth. Stir in applesauce.
Step 2: Gradually add the dry ingredients and mix into a smooth dough.
Step 3: Grease loaf pan and line with parchment paper. Transfer dough into loaf pan and bake at 180°C/350°F for approx. 50 - 60 min., or until a toothpick inserted into the center comes out clean.
Step 4: Remove from oven and let cool completely. For the frosting, beat soft butter, confectioner's sugar, cream cheese, and vanilla extract until fluffy.
Step 5: Unmold cake and spread the frosting on top. Dust with cinnamon.","Step 0: a bowl of flour, gingerbread spice, cinnamon, salt, and baking powder is being mixed together
Step 1: a woman is stirring a bowl of applesauce with a spoon
Step 2: the woman is adding dry ingredients to a bowl of applesauce
Step 3: A woman is putting dough into a loaf pan and then baking it at 180°C/350°F for about 50-60 minutes
Step 4: a woman is beating a bowl of frosting with a whisk
Step 5: a woman is spreading frosting on top of a cake with a spatula","-1
-1
1
-1
1
4",
46,"Step 0: Preheat oven to 200°C/400°F and line a baking sheet with parchment paper, if needed. Peel carrots and roughy dice. Add to a large mixing bowl along with garlic, olive oil, and cumin and stir to coat.
Step 1: Add carrot mixture to the prepared baking sheet, transfer to oven, and roast for approx. 20 min. at 200°C/400°F until carrots are tender.
Step 2: Drain chickpeas and reserve the liquid. Transfer carrot mixture, chickpeas, lemon juice, lemon zest, and paprika powder to a food processor and blend until creamy. Add reserved liquid from chickpeas, a little at a time while blending, until smooth and silky in texture. Season with salt and pepper to taste.
Step 3: Transfer hummus to a serving bowl, drizzle with olive oil, and sprinkle with paprika powder and Ras el Hanout to taste. Cut pita bread into triangles and toast. Serve alongside hummus and","Step 0: A person is using a knife to cut up carrots on a baking sheet lined with parchment paper
Step 1: a person is using a spatula to put carrot mixture on a baking sheet
Step 2: A person is using a food processor to blend carrot mixture, chickpeas, lemon juice, lemon zest, and paprika powder
Step 3: A person is pouring hummus into a bowl and sprinkling it with paprika powder and Ras el Hanout to taste","-1
0
1
2",
47,"Step 0: Prepare the Onion, Habanero Pepper, Tomato, Scallion, and Bell Pepper. Normally bell peppers and scallions are not used like this in its original form is very rustic, but using up the stuff you have in the fridge when you cook reduces waste.
Step 1: Heat a pan on medium heat, then empty the contents of the Corned Beef Lunch Meat into it and break it apart. The corned beef itself is very fatty, so basically there’s no real need for oil.
Step 2: Toss everything into the pan with the corned beef and hit it with a dash of Ground Black Pepper and Ketchup. Don’t cover or you’ll risk everything going soggy and into a “mush”. Cook on medium heat while stirring for 5-7 minutes.
Step 3: Serve with sliced cucumber on the side and some rice. This can also be enjoyed on sandwiches, as a topping for crackers, roti, sliced bread.. even stuffed in pitas.","Step 0: A person is chopping up a bell pepper and scallion on a cutting board
Step 1: A pan on the stove with corned beef in it being broken apart with a spoon
Step 2: A pan on the stove with corned beef in it being broken apart with a spoon
Step 3: A bowl of cucumber salad with a spoon in it","-1
-1
1
-1",
50,"Step 0: Combine the Frozen Pineapple, Frozen Strawberries, Pear, Frozen Blueberries, and Water in a blender and blend until smooth.
Step 1: Transfer the slushy fruits to a large punch bowl and add the Sprite just before serving.
Step 2: Your punch is ready to serve! Scoop into glasses.","Step 0: a blender with frozen pineapple, frozen strawberries, pear, frozen blueberries, and water in it
Step 1: a large punch bowl filled with slushy fruits and Sprite
Step 2: a punch bowl filled with slushy fruits and Sprite","-1
-1
1",
51,"Step 0: Heat oil in a pan. Add Chili Powder, Ground Black Pepper, Ground Turmeric, Ground Coriander, Salt, and Curry Leaf. Mix well for 5 minutes over a low flame.
Step 1: Halve the Egg and place them in the masalas. Let it fry for 1 minute.
Step 2: Flip the eggs carefully without damaging the yolk and roast for another minute. Switch off the flame. Yummy egg fry is ready.","Step 0: a pan with chili powder, ground black pepper, ground turmeric, ground coriander, salt, and curry leaf in it
Step 1: halve the egg and place them in the masalas. let it fry for 1 minute
Step 2: a person is flipping eggs in a pan on a stove top","-1
0
1",
54,"Step 0: Pre-heat oven to 220°C/430°F. Cut sweet potatoes into matchsticks and transfer them to a large bowl. Add cornstarch and toss to coat. Spread sweet potato fries over a baking sheet. Add some oil and smoked ground paprika and toss to coat. Bake for approx. 20 min. or until golden-brown and crisp. Remove from oven and season with salt to taste.
Step 1: Finely slice white cabbage and transfer to a bowl. Add cashew cream, white balsamic vinegar, coriander, salt, and pepper, and stir to combine. Let sit until serving to marinate.
Step 2: Add vegan mayonnaise, cinnamon, and chili powder to a small bowl and stir to combine. Refrigerate until serving.
Step 3: Heat remaining oil in a frying pan. Add oyster mushrooms and fry over medium heat for approx. 8 min. Remove from heat and season with salt to taste.
Step 4: Spread some ketchup and vegan spicy cinnamon mayonnaise on each toasted white bread slice. Top half of the slices with lamb’s lettuce, sweet potato fries, white cabbage slaw, fried oyster mushrooms, and some sliced red onion. Place remaining white bread slices on top.
Step 5: This and more delicious recipes can be found in Sebastian Copien´s cookbook “Die vegane Kochschule“ (Christian Verlag).","Step 0: A woman is cutting sweet potatoes into matchsticks and transferring them to a large bowl. She then adds cornstarch and tosses to coat the sweet potato fries before spreading them over a baking sheet and adding some oil and smoked ground paprika to coat them. She then bakes them for
Step 1: A person is pouring white balsamic vinegar into a bowl of white cabbage
Step 2: a person is adding vegan mayonnaise, cinnamon, and chili powder to a small bowl and stirring it until it is combined
Step 3: a person is cooking oyster mushrooms in a frying pan on a stove
Step 4: A person is spreading ketchup and vegan spicy cinnamon mayonnaise on each toasted white bread slice. They top the slices with lamb's lettuce, sweet potato fries, white cabbage slaw, fried oyster mushrooms, and some sliced red onion. They then place the remaining whit
Step 5: In the image, a book titled ""Die vegane Kochschule"" (German for ""The Vegan Cooking School"") is on a wooden table.","-1
-1
-1
-1
-1
-1",
